Caption,Likes,MediaCount,Date,Is Video,URL
"Bora falar mais um pouquinho sobre making of? E nada melhor do que um making lindo desses pra representar o que eu sempre digo a voces: tenham tempo pra voc√™s, pra aproveitar o dia do casamento, relaxem e saboreiem, experimentem cada pedacinho desse dia porque ele √© √öNICO! E as mem√≥rias pode deixar que a cada segundo t√¥ eternizando junto com voc√™s ‚ú®Ô∏èü´∞üèΩ
Making lindo da noiva perfeita @cybeleratacasso (mais uma vez, obrigada pela confian√ßa e pelo acolhimento)
Make @ihalemakeup 
Cerimonial @layanedias.assessoria 
V√≠deo @if.films
Espa√ßo @quintadasaguaseventos 
Vestido @jardimatelier 
Decora√ß√£o @leticiamonteirodecoracoes 
Ilumina√ß√£o @mancoscordeiroiluminacao",3,8,2024-01-31 17:44:47,False,https://www.instagram.com/p/C2xgL8fO1Eg
"O momento m√°gico das p√©talas de rosas no casamento, meu momento preferidooo... Observem, √© como se o pr√≥prio amor estivesse dan√ßando no ar, n√£o √© mesmo?
Cada p√©tala √© como um pequeno voto de felicidade, um fragmento do amor que todos sentem por esse novo cap√≠tulo na vida dos noivos. Um verdadeiro testemunho da conex√£o e carinhol. E cada registro √© uma lembran√ßa eternizada desse amor em flor ü§ç
Do casamento lindo de Virginia e Neto ‚ú®Ô∏è

Local @sitiodosapoti
Cerimonial @kkcerimonial 
Decora√ß√£o @leonardovieiradecor 
Vestido @vertsophistique @vertnoivas",3,4,2023-10-09 22:58:05,False,https://www.instagram.com/p/CyMhaz5MvBE
"Karol e Ezequiel ‚ù§Ô∏è‚Äçüî•
Um ensaio que se eternizou como um poema visual, registros que se tornaram testemunhas silenciosas de um amor lindo e cada troca de olhar √© uma promessa de eternidade.",3,8,2023-10-05 22:00:44,False,https://www.instagram.com/p/CyCHrUMOcux
"Acredito que o amor mora nos pequenos gestos, em perceber o outro nos detalhes e saber o que √© importante pro outro.
Mesmo de longe quando se preparava pro seu grande dia, Luana deu seu jeitinho de se fazer presente durante a espera pra cerim√¥nia e emocionar a todos com um presente especial pra Tito.
No dia do casamento, ela sabia que ele sentiria falta de algu√©m muito especial. Queria, de alguma forma, trazer a presen√ßa dessa pessoa para aquele momento. E foi ent√£o que, em segredo, preparou um presente singelo, mas cheio de significado.
Luana √© daquelas pessoas que sempre percebe os detalhes, as pequenas coisas que ningu√©m mais nota. Esse broche n√£o era apenas um presente; era uma demonstra√ß√£o de amor, de cuidado. Ela estava trazendo a mem√≥ria de quem ele amava para perto, naquele dia que seria eterno.
Acredito que Tito soube que, mesmo sem poder v√™-lo, seu pai estava ali, no peito, no cora√ß√£o. E mais do que isso, soube que a mulher que ele estava prestes a se casar era aquela que conhecia suas sombras e luzes, aquela que se importava profundamente com cada peda√ßo da sua hist√≥ria. Ela tinha o dom de perceber o outro em sua totalidade, e ele, o dom de ser amado por algu√©m t√£o especial.",3,7,2024-08-27 21:14:29,False,https://www.instagram.com/p/C_MCUrUyW9c
"Vinicius me fez um pedido: que no dia do casamento eu recriasse a foto dos seus av√≥s no dia do casamento deles, d√©cadas atr√°s.
Um legado de amor que transcende o tempo!
Vejam a import√¢ncia disso: muito mais do que um registro, a fotografia serve como uma ponte entre gera√ß√µes. Ela preserva momentos t√£o significativos, nos permite revisitar emo√ß√µes e mem√≥rias que moldam nossas vidas. Essas imagens s√£o um peda√ßo da hist√≥ria da fam√≠lia dele, que sempre vai estar ao alcance dos olhos e do cora√ß√£o. S√£o esses pequenos momentos que nos acalantam e nos preenchem, e mant√©m vivos os la√ßos que nos conectam a quem amamos ü§ç",3,3,2024-08-26 17:33:50,False,https://www.instagram.com/p/C_JERvfvatr
"Almas entrela√ßadas, constela√ß√µes de um amor imortal ü§ç",3,1,2024-07-05 21:10:03,True,https://www.instagram.com/p/C9DjjeGye8n
"Os pequenos encantos!
Nos detalhes o amor tamb√©m se revela ‚ú®Ô∏è",3,7,2024-07-04 12:04:01,False,https://www.instagram.com/p/C9AAZoIO6GH
"A vida acontece em pequenos instantes e a fotografia √© o ref√∫gio onde mora nossas mem√≥rias mais importantes. N√£o importa quanto tempo passe, atrav√©s dela voc√™ sempre vai conseguir reviver esses momentos m√°gicos e t√£o √∫nicos da vida.
Sobre o dia mais importante de Vic e Rob ‚ú®Ô∏è",52,1,2024-07-02 19:58:09,True,https://www.instagram.com/p/C87seE0S2qQ
"Fragmentos eternos do dia mais importante de Rhai e Denilson ‚ú®Ô∏èü§ç

@samarasiqueira_eventos 
@kamilaramoseventos 
@raquel.makeuphair
@silvialeocadia_atelie",3,6,2024-07-01 17:37:02,False,https://www.instagram.com/p/C844IIlO834
"Dois cora√ß√µes, uma hist√≥ria pra toda vida ‚ú®Ô∏è",3,1,2024-06-28 22:13:21,True,https://www.instagram.com/p/C8xpAYESlUH
#tbt de hoje direto pra um dia inesquec√≠vel ü•π,3,1,2024-06-27 19:43:54,True,https://www.instagram.com/p/C8uyxPlycih
"O buqu√™ de fitas pra mim deveria ser tradicao nos casamentos, nao tem nada mais lindo! Cada fita, um sonho, cada corte, um suspiro. No final da celebra√ß√£o, uma fita une o futuro a um cora√ß√£o, prometendo amor e novas hist√≥rias. √â poesia! Um momento m√°gico e √∫nico onde risos e esperan√ßas florescem juntos.",3,1,2024-06-26 16:20:41,True,https://www.instagram.com/p/C8r2s1runMi
Quando o amor e a felicidade se encontram ‚ú®Ô∏è iluminam qualquer lugar!,3,7,2024-06-26 13:59:16,False,https://www.instagram.com/p/C8rnOuwuier
A love like this ‚ú®Ô∏è,3,1,2024-06-25 20:46:48,True,https://www.instagram.com/p/C8pweRRSiTr
"Imposs√≠vel n√£o sorrir e n√£o se encantar com Maria.
Professora, guerreira, uma m√£e exemplar, Olindense com muito orgulho! Se a vida √© uma festa a dela √© um eterno carnaval. A vida me presenteou com @dudazuppardo e de brinde me deu esse presente que foi esse dia com voc√™s.
√â sempre bom poder registrar e contar a hist√≥ria de pessoas t√£o incr√≠veis!",3,10,2024-06-21 21:03:38,False,https://www.instagram.com/p/C8ff0nayAFn
"Em casa foto, reside o poder de contar hist√≥rias, de preservar o passado pra que a gente possa revisitar no futuro.
Cada registro √© uma promessa: de que nossas experi√™ncias n√£o se perder√£o no curso do tempo, mas sim se transformar√£o em legados preciosos, para que a nossa hist√≥ria se perpetue, preservando nossas mem√≥rias pro amanh√£.",3,5,2024-06-17 21:02:49,False,https://www.instagram.com/p/C8VMjEYyBlO
A espera pro grande momento de Gabi ‚ú®Ô∏è,3,5,2024-06-14 14:16:27,False,https://www.instagram.com/p/C8MvqKoOc6U
"Uma noiva bel√≠ssima dessas, √© pra poucas ‚ú®Ô∏èü§åüèº
 @wellidalsr 

Vestido por @rafretaatelier
Maquiagem e cabelo por @admake.hair",3,3,2024-06-10 22:25:57,False,https://www.instagram.com/p/C8DUa4iO1gK
Lembran√ßas do dia de Jeysi e Lucas ü§ç‚ú®Ô∏è,3,1,2024-06-07 18:16:41,True,https://www.instagram.com/p/C77JB6luE1Z
Agora uma saudade: esse casamento ü•πü§åüèº‚ú®Ô∏è,3,1,2024-06-07 14:03:52,False,https://www.instagram.com/p/C76sp29ueMX
"S√£o pequenas coisas no dia do casamento que revelam o carinho presente em cada escolha - o brilho das joias, a textura do vestido, a delicadeza do v√©u -
S√£o esses pequenos detalhes da noiva no dia do casamento que contam hist√≥rias silenciosas e carregadas de emo√ß√£o.
Detalhes de Rhaiza ü§ç",3,8,2024-05-27 22:20:12,False,https://www.instagram.com/p/C7fQyTdvQtq
"A beleza das mem√≥rias reside em sua brevidade. S√£o fragmentos de felicidade, hist√≥rias √∫nicas pra contar. As fotos s√£o o elo tang√≠vel entre o presente ef√™mero e o futuro eterno, a prova do amor verdadeiro, rel√≠quias que um dia contar√£o as pr√≥ximas gera√ß√µes a magia de um amor que come√ßou em um √∫nico e inesquec√≠vel dia.
Obrigada @wellidalsr e @netto__silva pelo presente de eternizar esse momento. Ansiosa pra esse √°lbum ü§ç",3,10,2024-05-24 22:30:33,False,https://www.instagram.com/p/C7Xjdt3un-t
2 anos de Joy e Jeff ‚ú®Ô∏èü•πü§ç,3,4,2024-04-10 21:20:28,False,https://www.instagram.com/p/C5mIi4-uj_l
"N√£o costumo fazer postagens √∫nicas da decora√ß√£o dos casamentos, mas acredito que √© uma coisa que voc√™s v√£o amar ver mais detalhes. E o que dizer dessa decora√ß√£o de @thamaradecoracoes? Sem palavras. Uma das mesas mais lindas que ja vi! Sensibilidade e carinho em cada detalhe ‚ú®Ô∏è
Deixando mais lindo ainda o @vale.doseucaliptos",3,5,2024-03-29 16:52:31,False,https://www.instagram.com/p/C5GwT3tOLVt
Momentos preciosos antes do sim. Os bastidores do conto de fadas t√£o esperado e sonhado de Bruna ü§ç,3,5,2024-03-06 21:00:00,False,https://www.instagram.com/p/C4L-aQ-OeWA
Bru e Aleson ‚ú®,3,6,2024-03-05 15:00:00,False,https://www.instagram.com/p/C4IwXkAukGh
"Acredito que todos concordam quando a gente diz que no dia mais importante das nossas vidas, nesse caso o casamento, n√£o podem faltar as pessoas que a gente mais ama e que ta sempre junto com a gente na jornada. E claro que nosso melhor amigo n√£o pode jamais ficar de fora de um dia tao especial ü§ç Porque eles s√£o mais que animais de estima√ß√£o, s√£o membros da fam√≠lia, s√£o testemunhas silenciosas do nosso amor e merecem estar l√° para celebrar conosco.

Dia lindo de @meelothallyta e @eduumelo ‚ú®Ô∏è",3,5,2024-03-01 18:32:30,False,https://www.instagram.com/p/C3-1flTu5NU
"Cada detalhe, cada sorriso, cada l√°grima de alegria... momentos que nunca ser√£o esquecidos. Em meio aos brindes e dan√ßas, h√° um novo cap√≠tulo da hist√≥ria sendo escrito ‚ú®Ô∏è",3,1,2024-02-24 17:29:26,True,https://www.instagram.com/p/C3vQyA0u1F-
"Hoje o post vai ser diferente, hoje quero falar sobre Rafa, um estilista e fornecedor de casamentos que tem muito a nos ensinar sobre servir e amar o que se faz.

O vestido de noiva √© um s√≠mbolo de sonhos, esperan√ßas e amor. Como fot√≥grafa, sou constantemente testemunha da import√¢ncia dessa pe√ßa e do cuidado dedicado por parte do artista que o cria.
O trabalho meticuloso de Rafa, que d√° vida ao vestido, √© emocionante. Tive a oportunidade de acompanhar esse trabalho desde a prova da noiva e pude ver que cada ponto, cada detalhe, cada coisinha √© feita com muito amor, e n√£o h√° nada mais gratificante do que registrar a alegria e o orgulho de Rafa ao ver seu trabalho finalizado e sendo usado com tanta admira√ß√£o e felicidade. O vestido do casamento conta uma hist√≥ria, a mais linda delas, faz parte da hist√≥ria e concretiza√ß√£o do amor entre duas pessoas e n√£o existe nada mais lindo que isso.

E isso nos fala muito quanto √† import√¢ncia de contratar pessoas que se importam verdadeiramente com o dia dos noivos, mais fornecedores como Rafa, e eu n√£o posso concordar mais. Cada detalhe, desde o vestido at√© a decora√ß√£o e a comida, contribui para a experi√™ncia √∫nica e inesquec√≠vel que √© o casamento. E ter profissionais que n√£o apenas executem seu trabalho, mas que estejam genuinamente comprometidos em tornar o dia especial para o casal, faz toda a diferen√ßa.

Como fot√≥grafa, n√£o apenas testemunho esses momentos, mas fa√ßo quest√£o de fazer parte deles, garantindo que cada sorriso, cada l√°grima de alegria, seja capturado de forma aut√™ntica e significativa. Porque no final do dia, o que resta s√£o as mem√≥rias, e √© meu dever garantir que essas mem√≥rias sejam t√£o lindas e duradouras quanto o pr√≥prio amor que faz esse dia.
@rafretaatelier ‚ú®",3,9,2024-02-23 19:40:29,False,https://www.instagram.com/p/C3s7tbCvRq0
"Uma dose de fofura passando na sua timeline pra ado√ßar essa sexta feira!
Tem coisa mais fofa que crian√ßa em casamento? N√£o dou conta de t√£o lindos ü•π",3,3,2024-02-16 13:18:44,False,https://www.instagram.com/p/C3aOdQ8uQ_j
Totalmente fora do comum por aqui um ensaio de gestante mas esse √© muuuito especial. Amanda e Vitor foram nossos noivos em 2022 e poder registrar essa fam√≠lia crescer √© um privil√©gio! O amor que se transforma e se multiplica ü§ç,3,6,2024-02-03 13:30:20,False,https://www.instagram.com/p/C24xc6Euf_P
"Sneak peek do pr√© wedding dos lindos Jeysi e Lucas!
E assim come√ßa a contagem regressiva pro dia mais importante da vida ‚ú®Ô∏è

Loca√ß√£o: @recantodassucupiras",3,5,2024-02-02 23:27:05,False,https://www.instagram.com/p/C23Q8vqO9I0
"Ap√≥s um recesso das redes merecido voltamos com a nossa programa√ß√£o (n√£o t√£o normal üòÖ) aqui!
E pra come√ßar com o p√© direito uma espiadinha no dia do sim de Rhaiza e Denilson que foi especial demais! ‚ú®
Cerimonial @samarasiqueira_eventos 
Vestido @silvialeocadia_atelie 
Espa√ßo @kamilaramoseventos 
Make @raquel.makeuphair",202,7,2024-01-30 19:27:51,False,https://www.instagram.com/p/C2vHL76S2en
"Um vestido de noiva transcende tecido e costura, ele personifica a promessa de um novo cap√≠tulo, a beleza da uni√£o e a sutileza dos sonhos compartilhados. √â mais que uma pe√ßa de roupa, √© um s√≠mbolo de amor e esperan√ßa, envolto em detalhes que contam uma hist√≥ria √∫nica.

Vestido: @jardimatelier 
Cerimonial: @layanedias.assessoria 
Local: @quintadasaguaseventos 
Buqu√™: @leticiamonteirodecoracoes",3,3,2023-12-13 20:46:07,False,https://www.instagram.com/p/C0zp_JvPKqs
"Sneak peek da cerim√¥nia de Neto e Virginia ‚ú®Ô∏è

//

Local: @sitiodosapoti
Vestido: @vertnoivas 
Decora√ß√£o: @leonardovieiradecor 
Cerimonial: @kkcerimonial",3,10,2023-11-24 17:42:05,False,https://www.instagram.com/p/C0CZ0kVu0xI
Karol ‚ú®,3,5,2023-11-23 12:54:00,False,https://www.instagram.com/p/Cz_UDwiuBaf
"Pr√© wedding de Vit√≥ria e Bruno, mais um casal que vamos ter a honra de fotografar o casamento em dezembro. Eita que eu j√° t√¥ ansiosa!
V√£o ser muitas hist√≥rias lindas por aqui pra fechar esse ano com chave de ouro ‚ú®",3,7,2023-11-23 00:18:39,False,https://www.instagram.com/p/Cz99naiOwEg
"Momentos preciosos antes do grande ""sim"".
O making of √© um dos momentos que eu mais gosto, cada detalhe, desde a escolha do vestido at√© os √∫ltimos retoques na maquiagem, contam uma hist√≥ria √∫nica. √â uma jornada de emo√ß√µes, ansiedade, tudo que precede a eternidade do compromisso, o come√ßo de uma nova fam√≠lia. S√£o lembran√ßas que, ao olhar para tr√°s, transportam todos para aquele instante m√°gico.
A fotografia s√≥ faz sentido amanh√£, espero que esses momentos tao unicos nunca sejam esquecidos ü§ç

Vestido deslumbrante de @rafretaatelier 
Maquiagem por @rebecamouramakeup 
Cabelo por @janaafrohair 
Buqu√™ por @leonardovieiradecor 
Local @fazendasolnascente_casamento",3,6,2023-11-19 13:40:26,False,https://www.instagram.com/p/Cz1GMVOuzju
"Jogar o buqu√™ √© uma tradi√ß√£o cheia de significado e emo√ß√£o, eu adooooro fazer esses registros, e nos √∫ltimos anos essa tradi√ß√£o tem ganhado novas roupagens super divertidas, como essa do buque de fitas.
O buqu√™ de fitas √© como uma dan√ßa cheia de cores e risos. √â incr√≠vel ver como o casamento, repleto de tradi√ß√µes, sempre pode ter novos toques de divers√£o e autenticidade (afinal tem que ser a cara dos noivos, e n√£o tem nada mais Neto e Virginia do que diversao üòã).",3,7,2023-11-18 14:27:47,False,https://www.instagram.com/p/Czym0SiORSe
"Entre sorrisos que contam hist√≥rias e olhares que prometem o infinito!
N√£o vou negar que adoro os ensaios pr√© casamento, √© mais do que apenas fotos; √© a celebra√ß√£o aut√™ntica do amor em sua jornada antes do 'sim'. E por falar em fim, m√™s que vem vamos contar tantas hist√≥rias lindas ü•π
Dezembro, o m√™s que promete eternizar la√ßos e celebrar sonhos. Mal posso esperar para ser testemunha dessas hist√≥rias ‚ú®Ô∏è",3,4,2023-11-17 12:17:48,False,https://www.instagram.com/p/CzvzJakuqfd
Sobre a magia de eternizar mem√≥rias que v√£o transcender a passagem do tempo ü§ç,3,1,2023-10-27 22:05:08,True,https://www.instagram.com/p/Cy6xOgDPXjh
"Entrela√ßos de m√£os s√£o como um ballet de sentimentos silenciosos.
Nesse entrela√ßo reside uma linguagem universal de afeto, uma sinfonia silenciosa que ecoa o poder do amor verdadeiro. √â onde mora a beleza da intimidade, a for√ßa da conex√£o e a do√ßura do compromisso ü§ç",3,8,2023-10-27 15:20:57,False,https://www.instagram.com/p/Cy6DaX4OfwN
"Nenhuma hist√≥ria de amor √© a mesma, e essa √© a beleza de se apaixonar. Tudo √© novo e raro, tudo √© muito real.
E assim como cada hist√≥ria de amor √© diferente, cada pr√© wedding tamb√©m carrega a hist√≥ria √∫nica de um casal, n√£o existem regras, apenas transmitir o que voc√™s s√£o.
Gosto de pensar sobre cada dia que passo com voc√™s, e pro dia de Wellida e Neto meus pensamentos foram de paz, aventura e gratid√£o.
Eles seguiram seus cora√ß√µes e fomos juntos nessa aventura. A serra estava tranquila, o vento suave e todo esse dia foi verdadeiramente lindo e significativo em todos os sentidos.",3,5,2023-10-26 23:53:20,False,https://www.instagram.com/p/Cy4ZQU7OMH5
"Um pouco do dia deles: Alef e Dayana ‚ú®
Uma sequ√™ncia de fotos pra aquecer o cora√ß√£o, de mais uma hist√≥ria linda que eternizamos por aqui ü§ç

quem fez//
Local @sitiobangue 
Cerimonial @cerimonialmanusumara 
Vestido @atelielivianascimento 
Make @becamaakeup 
Decora√ß√£o @claudiobialdecor 
Buffet @jhon.buffet",3,9,2023-10-23 21:53:59,False,https://www.instagram.com/p/CywdNk8Oz1o
Sobre a grandeza dos pequenos gestos ü§ç,3,1,2023-10-23 19:43:55,True,https://www.instagram.com/p/CywN6dHuMgl
"Um casal muito fofo passando pela sua timeline (e kadu üò∏) 
Quem tem d√∫vidas de que o casamento desses dois vai ser um dos mais lindos e aut√™nticos do ano? Contagem regressiva j√° t√° ativada e a ansiedade a mil pro dia deles ü§ç",3,7,2023-10-17 15:11:07,False,https://www.instagram.com/p/CygSVtDuDLV
"S√≥ uma espiadinha de leve desse ensaio pra matar um pouco da curiosidade de voc√™s enquanto n√£o sai a galeria completa.
Wellida e Neto levaram a gente pra Serra do Pirau√°, um lugar de tirar o f√¥lego (literalmente kkkkk), que com certeza vai se tornar destino de muitas aventuras nossas mais pra frente.

As respons√°veis pela produ√ß√£o de Wellida foram as meninas da @admake.hair ü§ç",3,4,2023-10-11 21:30:57,False,https://www.instagram.com/p/CyRhCbwPz8s
Quanta hist√≥ria pode caber em um instante? ü§ç,3,1,2023-10-06 21:42:54,True,https://www.instagram.com/p/CyEpjgsPwWT
"Detalhes de Mari ‚ú®

Cada detalhe, cada registro do making of carrega consigo uma carga de significado imensa, √© a jornada rumo ao grande dia da sua vida. √â eternizar n√£o apenas a prepara√ß√£o visual, mas toda a ansiedade, felicidade e magnitude do que est√° prestes a se tornar verdade.

Beleza por @brunasouzabeautyconcept 
Local @unohotel
Vestido @abiarruda_ 
Buqu√™ e grinalda @tons.pasteis",3,7,2023-10-04 20:12:00,False,https://www.instagram.com/p/Cx_Wb_lvu0N
"Crys + Matheus ‚ú®Ô∏è

Um breve resumo de um dia carregado de sentimentos genu√≠nos, tornando essa uni√£o ainda mais memor√°vel ü§ç",3,9,2023-08-17 21:30:54,False,https://www.instagram.com/p/CwD5PVRyOt9
a vida acontecendo e toda a ansiedade e alegria que antecedem a celebra√ß√£o ü§ç,3,1,2023-08-10 21:00:16,True,https://www.instagram.com/p/Cvx0TEvu7Jw
"Um breve resumo do dia de Virginia e Neto ü§ç
_
Que as risadas alegres dos convidados, os abra√ßos apertados, os olhos marejados de felicidade, o amor e a ansiedade - que tudo isso seja sempre celebrado e revisitado por voc√™s atrav√©s desses registros.",246,10,2023-08-08 21:01:28,False,https://www.instagram.com/p/CvsqyfgyIZG
"40 dias ‚ú® o cora√ß√£o ansioso aguarda o altar, onde unidos para sempre, seus sorrisos ser√£o a eterna poesia do destino",72,1,2023-07-26 21:22:53,True,https://www.instagram.com/p/CvLOuMuAqLo
"Naquele momento, est√£o sendo criadas mem√≥rias que se entrela√ßar√£o em um destino comum. √â como se estivesse assistindo √† funda√ß√£o de um lar, ou ser lar do outro, onde risos e desafios ser√£o compartilhados pra sempre.
O futuro √© incerto, mas o amor √© uma certeza inabal√°vel.",3,5,2023-07-24 21:30:33,False,https://www.instagram.com/p/CvGGKJaOZOB
"Diante da grandiosidade do mar, percebo a poesia de desaguar em outra pessoa.
Assim como as √°guas encontram seu caminho at√© o mar, n√≥s tamb√©m encontramos um lar no cora√ß√£o do outro. E nessa jornada de descobertas, encontramos o infinito em cada abra√ßo, a serenidade em cada beijo, enfrentamos tempestades e navegamos em mar√©s calmas - mas sempre sendo o porto seguro um do outro.",3,9,2023-07-07 22:00:37,False,https://www.instagram.com/p/CuaYD8cO8aa
"Momentos delicados e sutis como um entrela√ßar de m√£os revelam uma conex√£o profunda e genu√≠na, como se estivessem se prometendo apoio, cumplicidade e amor eterno. Como se dizendo que juntos eles s√£o capazes de enfrentar qualquer desafio que a vida possa apresentar.
No ordin√°rio da vida encontramos lembretes constantes do poder do amor.",51,7,2023-07-06 22:48:10,False,https://www.instagram.com/p/CuX4xBbugzd
"Um breve resumo do dia de Bruna e Roberto, um dos dias mais incr√≠veis que eu tive a honra de testemunhar! Cada detalhe do dia deles foi cuidadosamente planejado e executado com amor e dedica√ß√£o pelos familiares e amigos. Foi uma experi√™ncia que tocou meu cora√ß√£o de uma maneira indescrit√≠vel. Era evidente que todos estavam empenhados em tornar esse dia inesquec√≠vel para os noivos.

Esse casamento me lembrou do poder do amor e da uni√£o. Foi um lembrete de que, quando nos unimos em torno de um prop√≥sito comum, somos capazes de realizar coisas incr√≠veis. A dedica√ß√£o da fam√≠lia e dos amigos em tornar esse dia especial trouxe uma atmosfera de amor e felicidade que ficar√° para sempre marcada e eternizada nessas fotos.
Foi uma honra e um privil√©gio testemunhar essa uni√£o. Agrade√ßo por ter tido a oportunidade de registrar esse casamento incr√≠vel, onde o apoio, o carinho e a dedica√ß√£o de todos se tornaram uma parte essencial da hist√≥ria dos noivos. Que eles possam levar consigo as mem√≥rias desse dia m√°gico e que o amor que os uniu se fortale√ßa a cada dia.
Esse dia incr√≠vel foi organizado pela @thalyaassessoria ‚ú®",3,7,2023-07-05 22:00:31,False,https://www.instagram.com/p/CuVOemLvblC
"Se me perguntarem qual √© o meu momento preferido nas cerim√¥nias de casamento eu diria que √© esse, quando os convidados jogam p√©talas nos noivos no fim da cerim√¥nia √© simplesmente m√°gico! ‚ú®
Ver a felicidade e o amor no rosto dos rec√©m-casados enquanto caminham juntos sob a chuva de p√©talas √© um momento emocionante. 
A energia e o sentimento de alegria que enchem o ar quando os convidados come√ßam a jogar as p√©talas √© uma coisa linda de se testemunhar.
√â uma saga que se finda.
√â a concretiza√ß√£o do amor.
√â o in√≠cio de uma nova hist√≥ria ü§ç",3,1,2023-04-22 18:00:04,False,https://www.instagram.com/p/CrWQOINuHe6
essa pequena parte ü§ç,32,1,2023-04-21 14:34:45,True,https://www.instagram.com/p/CrTTy7hAjC2
"Um brev√≠ssimo (de trocentas fotos) resumo do dia de Giselly e Bruno.
Voc√™s n√£o tem no√ß√£o do tanto que eu lutei pra conseguir escolher essas fotos pra postar, porque foram muuuitas fotos, acho que exagerei nas pr√©vias kkkkk j√° t√¥ imaginando a entrega da galeria final ü§åüèº

Foi um dia perfeito, carregado de emo√ß√£o, amor e carinho. Um dos poucos casamentos que absolutamente todos os convidados fizeram quest√£o de tirar foto com os noivos, e era vis√≠vel o tamanho do afeto que todos sentiam por eles. Foi lindo demais ver isso, principalmente porque sei que eles merecem demais tudo de mais lindo que essa vida possa oferecer ü§ç

Ficha t√©cnica:
@cerimonialmanusumara 
@claudiobialdecor 
@quintadasaguaseventos 
@jhon.buffet 
@ma_iluminacao 
@fabianalima.makeup 
@music_liraa 
@stilo_festaspe 
@nelysantosconfeitaria 
@deliziaredocesechocolates 
@marianadasdoresbc",156,10,2023-04-18 22:05:29,False,https://www.instagram.com/p/CrMZFW7uzWh
"Cada clique √© um peda√ßo dessa hist√≥ria de amor, guardado para sempre em forma de fotografia. O amor e afei√ß√£o entre Lea e Rey s√£o capturadas de forma natural e espont√¢nea.
√Ä medida que o sol come√ßa a se esconder no horizonte, a luz muda, criando uma paleta de cores vibrantes. O c√©u se transforma em um tom laranja, rosa e roxo, enquanto o sol se despede de mais um dia.
Com a luz do sol lentamente desaparecendo, continuo fotografando o casal apaixonado, agora sob a luz suave da lua e das estrelas. Cada momento √© m√°gico e √∫nico, capturando a ess√™ncia do amor e da felicidade compartilhados por esses dois apaixonados.
E assim, quando a sess√£o chega ao fim, eu sei que capturei momentos preciosos que esse casal vai guardar com carinho para sempre, recordando esse momento m√°gico do p√¥r do sol juntos.",100,8,2023-03-28 21:13:55,False,https://www.instagram.com/p/CqWOfODuXrV
"""Apaixone-se pelo seu melhor amigo, porque ningu√©m vai te amar como algu√©m que j√° te conhece profundamente."" ü§ç
Gi e Bruno tem uma conex√£o linda, de deixar o cora√ß√£o quentinho e o mundo mais colorido! Existem na vida poucos amores assim, e √© lindo demais de se ver.
Ansiosa pelo dia desses dois lindos que a gente j√° gosta demais ‚ú®",97,9,2023-03-22 21:52:33,False,https://www.instagram.com/p/CqG2I6FOpv3
pr√©vias de um ensaio pr√© casamento que vai ser m√°gico na vida desses noivos lindos ‚ú®,3,1,2023-03-17 19:00:12,True,https://www.instagram.com/p/Cp5qgmruO4q
"A vida √© sobre encontros.
Sobre a simplicidade do viver.
As coisas mais lindas da vida moram nos momentos mais simples, j√° perceberam?
A beleza da vida mora num olhar, num sorriso, num abra√ßo, em uma tarde com quem se ama.
Lea e Rey celebraram junto de quem eles mais amam, comemoraram esse amor, que √© lindo, e nada podia ser mais a cara deles. Quando seguimos pra praia, pra finalizar com chave de ouro esse dia, me peguei pensando em como a vida pode ser mais bonita, √© s√≥ a gente querer. Era s√≥ uma tarde de fotos, se tornou mem√≥ria eterna de um amor que certamente vai ser pra toda vida. S√£o mem√≥rias de um dia t√£o importante, que vai resistir ao tempo, ser prova eterna desse amor.
Que a gente sempre queira encontrar essa beleza na nossa vida, fazer dela mais linda, um grande encontro eterno com o que h√° de mais bonito.

Cerimonial: @thalyaassessoria
Buqu√™: @nalojadeflores",155,10,2023-03-14 22:00:45,False,https://www.instagram.com/p/CpyQuEzPgec
"A mem√≥ria √© passageira.
A fotografia √© a resist√™ncia da mem√≥ria ao tempo.
√Ålbuns s√£o verdadeiras j√≥ias que s√£o casa pras suas mem√≥rias. √â viajar no tempo, celebrar cada instante vivido e reviver momentos que ficaram pra eternidade ü§ç",63,1,2023-02-28 17:47:14,True,https://www.instagram.com/p/CpNwM-pAu-j
"Noivados s√£o encontros.
Encontros de gera√ß√µes de fam√≠lias que se unem pra celebrar o amor e a uni√£o. Quando Iza veio conversar comigo sobre esse dia eu sabia que seria algo muito especial, m√°gico! E foi. Todos unidos e comprometidos em fazer desse dia, o dia de Iza e Iago.
Acho que em um noivado nunca me emocionei tanto. Foi um encontro lindo, √≠ntimo entre fam√≠lias e de muito amor. Compartilho com voc√™s s√≥ um pouquinho do que foi esse dia, com a certeza de que todos os registros que foram feitos pra eles v√£o ser mem√≥rias eternas de um dia inesquec√≠vel ü§ç",126,8,2023-02-23 22:02:51,False,https://www.instagram.com/p/CpBV2xIPBLo
"S√≥ podemos dizer que somos gratos por cada sorriso que tivemos a oportunidade de eternizar. Cada mem√≥ria que voc√™s criaram conosco s√£o registros eternos de momentos inesquec√≠veis, insubstitu√≠veis... Cada uma dessas mem√≥rias s√£o tesouros preciosos que v√£o resistir ao tempo ü§ç e isso n√£o tem pre√ßo no mundo que pague.
Que em 2023 a gente siga juntinho por aqui criando, rindo, se emocionando e evoluindo sempre ‚ú® 

Obs: nem todo mundo t√° a√≠ no v√≠deo, mas saibam que a gente guarda cada momento com muuuuito carinho ü§ç",52,1,2022-12-31 17:28:22,True,https://www.instagram.com/p/Cm1ytS7BSur
"Como voc√™ quer lembrar do dia do seu casamento?
√â incr√≠vel ver como cada casamento √© √∫nico, como tudo acaba sempre ficando a carinha de casa casal. Seja um detalhe nas cadeiras, as cores escolhidas, a ilumina√ß√£o... Tudo acaba preenchendo esse dia com mais vida. O casamento de Karolzinha e Thomaz foi aconchegante como eles, e claro, cheio de amor. Tudo transmitia isso.
Que voc√™ pense em cada detalhe do dia do seu casamento como um presente pro futuro, pra que quando voc√™ olhar os registros desse dia tudo tenha sua cara, seu jeito, sua personalidade. √â um dia √∫nico! Que seja o mais lindo da sua vida ‚ú® e que cada momento seja guardado com muito carinho.",166,3,2022-12-19 21:09:19,False,https://www.instagram.com/p/CmXTQ6YyI8n
"Dezembro chegou e com ele a nostalgia de relembrar tudo que j√° vivemos e registramos com voc√™s ü§ç
Hoje vou compartilhar com voc√™s uma lembran√ßa de Rayane, uma noiva super cl√°ssica, atemporal e muuuuito fofa ‚ú® deu uma saudadezinha desse dia ü§èüèº

Cerimonial: @samarasiqueira_ac",90,3,2022-12-17 15:47:32,False,https://www.instagram.com/p/CmRk2bEupLd
"Sobre uma noite de luz e muito amor, o dia de Elinny e Tarc√≠sio ‚ú®",64,3,2022-12-16 13:45:10,False,https://www.instagram.com/p/CmOyDQjupM_
"O dia de Thallyta e Eduardo foi muito especial. Um casal que enfrentou a dist√¢ncia, a saudade latente que viviam diariamente.
Esse certamente foi um dia muito esperado, um dia de muito amor, f√© e uni√£o.
Olhar pra eles me fez lembrar de uma frase que li uma vez em um livro: ""O amor, quando nasce forte, tem pressa de ser eterno"". 
E √© para amores assim que nascemos, √© para amores assim que existimos. Que a jornada de voc√™s seja linda, e que seja eterna a alegria, o companheirismo e o carinho entre voc√™s ü§ç",122,4,2022-12-08 21:23:38,False,https://www.instagram.com/p/Cl7AKNNvZT7
"Revisitando esse dia lindo por aqui!
Gosto de passear pelos tantos registros que a gente tem a honra de documentar, ver o quanto j√° vivemos junto com voc√™s. Relembrar √© acima de tudo perceber como √© valiosa uma mem√≥ria eternizada.

Decora√ß√£o: @rosacerejadecor 
Local: @recantodassucupiras
Cerimonial: @samarasiqueira_ac",218,8,2022-12-07 20:29:15,False,https://www.instagram.com/p/Cl4VI_OPwho
"Elinny e Tarc√≠sio ‚ú®

Esse casal lindo vai abrir os casamentos do m√™s mais lindo do ano: dezembro!
Ansiosa pra tanta coisa linda que os olhos desta que vos fala vai documentar nesse fim de ano, t√° inteirinho cheio de ensaios, noivados, casamentos e fam√≠lias incr√≠veis! 

E n√£o posso deixar de falar desse achado no meio do agreste, o @cerquinho_ranch ‚ú® n√£o conhecia at√© o ensaio deles, mas j√° indico pra todos os casais do interior que querem um local lindo pra ensaios ü§ç",106,10,2022-11-21 22:03:33,False,https://www.instagram.com/p/ClPTNoiPQzt
"‚ú® para as noivas:

Dediquem um tempo antes da cerim√¥nia pra fazer algumas fotos sozinha. Sei que a ansiedade as vezes paralisa, voc√™ s√≥ quer que chegue logo o momento de caminhar at√© o altar, e enfim, celebrar com as pessoas que voc√™ mais ama o dia mais importante da sua vida. Mas daqui a 10, 20, 30 anos voc√™ vai amar sentar com seus filhos, netos, folhear o √°lbum e ver que ficou guardada a mem√≥ria de toda essa espera t√£o linda. Toda a ansiedade, a emo√ß√£o, cada detalhe.
S√£o momentos preciosos demais pra deixar passar ü§ç",63,7,2022-11-17 21:10:50,False,https://www.instagram.com/p/ClE6AA4SIjD
"De um fim de tarde muito especial, de um dia preparado e esperado com muito amor pra celebrar esse lindo encontro de almas!

Ilziane + Neto ü§ç

Como √© bom quando conhecemos a hist√≥ria do casal deeesde o comecinho, a emo√ß√£o √© maior em ter a honra de eternizar esse momento t√£o importante na vida dos dois, a concretiza√ß√£o de um amor que certamente ser pra vida toda ‚ú®",71,6,2022-11-16 20:53:28,False,https://www.instagram.com/p/ClCTN9WS052
"Sobre o dia de Hugo e L√≠gia ü§ç
Um casamento intimista (de verdade) que transbordou amor e afeto por todo canto!

@nommadebistrot 
@beltenoriobeauty",58,7,2022-11-15 20:59:38,False,https://www.instagram.com/p/Ck_vINSSsC_
"Sobre sempre celebrar a vida, o amor e a uni√£o ‚ú®

Pra comemorar os sete anos de casados nada melhor do que renovar as fotos do casal. E Adriana aos 48 do segundo tempo veio falar comigo pra gente fazer acontecer esse ensaio lind√£o!
Que Deus aben√ßoe sempre o amor e a vida de voc√™s ü§ç",122,7,2022-11-14 20:46:46,False,https://www.instagram.com/p/Ck9I3KcSzbt
"Sobre dias t√£o lindos que perdemos o f√¥lego s√≥ de olhar! Um dia de amor, entrega e muito afeto.
Foi lindo demais ver o cuidado de Deus com o dia de Karol e Thomaz ü§ç",98,4,2022-10-13 21:40:48,False,https://www.instagram.com/p/Cjq1m2du_s4
"H√° algo em estar nos bra√ßos das pessoa que a gente ama que adiciona muita emo√ß√£o - uma avalanche de aconchego e amor mais profundos um pelo outro.

- e √© muito bom ver que os casais que registramos tem essa conex√£o t√£o linda, e muitas vezes at√© esquecem que estamos l√°.",54,7,2022-10-11 22:32:25,False,https://www.instagram.com/p/Cjlx7MkuQ1w
"N√£o resisti e precisei gravar esse momento de Amanda e Vitor, simplesmente tudo no casamento deles parecia um sonho, as cores, as pessoas todas reunidas e t√£o felizes celebrando o amor dos dois... Foi lindo demais de se ver!",61,1,2022-10-07 21:26:52,True,https://www.instagram.com/p/CjbXOVqAVW9
You know... ü§ç,683,1,2022-10-06 20:16:27,True,https://www.instagram.com/p/CjYqQB8A0Md
"Que voc√™s lembrem de cada pedacinho desse dia!
Da luz, do clima, das cores, de cada detalhe... Porque tudo isso se vai, as flores murcham, o dia acaba e o que fica s√£o essas lembran√ßas documentadas pro resto da vida. ‚ú®

Decora√ß√£o: @decoracoes_eternize 
Bolo: @renatosouzacakes 
Local: @engenho_sao_bernardo
Doces: @menina_docegourmet",105,9,2022-10-04 15:40:58,False,https://www.instagram.com/p/CjTBRgvOXBh
"Eu juro que tento, mas n√£o tem jeito: pra mim esse √© o momento mais lindo da cerim√¥nia.
O momento em que tudo se finda, em que dois viram um... N√£o existe nada de mais lindo nessa vida ü§ç

E fica aqui o meu agradecimento a Karol, essa noiva dorameira e fofa que conquistou meu cora√ß√£o pra sempre! Voc√™ √© luz Karolzinha, espero que sua vida seja repleta de felicidade e amor. Espero um dia te visitar pra gente encher o buchinho de sushi por Alagoas (ou em qualquer lugar desse mund√£o).

Ficha t√©cnica
Cerimonial: @eternize_eventos
Decora√ß√£o: @decoracoes_eternize 
Local: @engenho_sao_bernardo 
Make: @nataliasousamakeup_ 
M√∫sica: @music_liraa 
Celebrante: @pr.silviomoraes 
Ilumina√ß√£o: @ma_iluminacao 
Buffet: @fabianaragao_buffet 
Bolo: @renatosouzacakes
Doces: @menina_docegourmet",128,3,2022-10-03 23:18:32,False,https://www.instagram.com/p/CjRQ17pOjub
Ilziane + Neto ‚ú®,73,7,2022-09-30 21:29:12,False,https://www.instagram.com/p/CjJV8lJOZp_
"Vamos conversar um pouquinho sobre a import√¢ncia do making of?
Algumas noivas n√£o gostam tanto da ideia de fazer essas fotos, por√©m eu acredito que essa √© uma das partes essenciais a serem documentadas em um casamento.
Toda a ansiedade, a espera, a alegria de estar finalmente ficando pronta pro grande dia da sua vida merecem e devem ficar pra eternidade.
A fotografia s√≥ faz sentido no futuro, e depois com certeza voc√™s v√£o amar sentar com seus filhos numa tarde de domingo, e ver que cada pedacinho desse dia e cada sensa√ß√£o est√£o ali pra serem revividas atrav√©s das mem√≥rias palp√°veis ü§ç
.
.
Cerimonial: @cerimonialmanusumara 
Buqu√™: @rosacerejadecor 
Maquiagem: @fabianalima.makeup
Local: @quintadasaguaseventos",61,5,2022-09-28 21:00:56,False,https://www.instagram.com/p/CjEJH0ZueaT
"√â engra√ßado observar de fora a conex√£o que alguns casais tem, particularmente √© uma das coisas que eu mais gosto. Existem pessoas que a gente olha e diz: √©, n√£o tem como, tem encontros na vida que simplesmente tem que acontecer. √â o destino.
S√£o pra ser.

Marillya e Maurilio s√£o aquele tipo de casal que a gente mal dirige, eles s√£o t√£o conectados um com o outro que tudo flui naturalmente. E foi assim com s√≥ meia horinha de fotos programadas de √∫ltima hora, em casa mesmo. Uma mais linda que a outra ü§ç",82,8,2022-09-17 21:21:56,False,https://www.instagram.com/p/Cin2x7TOKw9
"Sobre um dia de muito amor, aconchego e significado ü§ç",64,3,2022-09-14 21:39:21,False,https://www.instagram.com/p/CigKY5Ku_7A
"Um ensaio intimista e cheio de amor!
Ainda vou compartilhar muito desse ensaio aqui, mas Yasmim e Jefferson j√° s√£o velhos conhecidos daqui desse perfil e amam eternizar os momentos mais especiais da vida deles.
Daqueles clientes que viraram amigos e t√£o sempre com a gente nessa jornada ü§ç",89,6,2022-09-12 21:20:12,False,https://www.instagram.com/p/Cia-m9ZOuYk
"O dia do sim que foi tantas vezes adiado e muito esperado. O sim dessas duas pessoas t√£o especiais nas nossas vidas ü§ç que a vida de voc√™s seja como o sorriso de Cris: leve e repleto de amor. 
Espero acompanhar muitas fases dessa fam√≠lia linda ü•∞
.
.
.
#casamentospernambuco #noivaspernambuco #weddingdress #casamentodossonhos #noivos2022",3,2,2022-07-09 21:19:46,False,https://www.instagram.com/p/Cfzm45xOo2M
"eu fecho os olhos e tudo que vejo √© voc√™ ü§ç
Entrando na trend e matando a saudade desse ensaio lindo ‚ú®",133,1,2022-07-04 20:24:11,True,https://www.instagram.com/p/CfmoiM6BKt0
"Dif√≠cil foi escolher as fotos pra esse carrossel - eu queria mesmo era postar todas ü•∫
O casal que a gente acompanha desde sempre ü§ç somos muito gratos em ter tido a oportunidade de acompanhar a jornada de voc√™s!
.
.
Vestido: @ateliernataliacarla
Maquiagem: @marillyamakeup
Local: @unohotel",61,6,2022-07-04 16:31:57,False,https://www.instagram.com/p/CfmN-dKujv6
"Um dia tudo que vivemos n√£o vai passar apenas de mem√≥rias, partindo disso acho t√£o importante eternizar os detalhes, porque cada pedacinho desse dia importa. Cada cheiro, a cor, a dedica√ß√£o pra que tudo sa√≠sse perfeito... Tudo isso mora na beleza do detalhe ü§ç",71,3,2022-06-04 00:51:17,False,https://www.instagram.com/p/CeXSej7OraA
"Detalhes de Joyce ü§ç
Uma noiva que foi suuuper especial pra gente, √© um daqueles dias que se eu pudesse viveria ele de novo mil vezes de t√£o lindo que foi!
.
.
.
. 
#noivaspernambuco #casamentospernambuco #casamentoperfeito #weddingdress #fotografiarecife",77,4,2022-05-19 15:30:27,False,https://www.instagram.com/p/CdvqXwYONfu
E as coisas findas - t√£o mais que lindas - essas ficar√£o üíõ,47,3,2022-03-08 23:00:53,False,https://www.instagram.com/p/Ca3Er3AFEW7
"Riso solto e encontro de almas üíõ
.
.
.
.
#eternizemomentos",52,1,2022-02-11 23:25:32,False,https://www.instagram.com/p/CZ2vohZl-vS
Da s√©rie: n√£o consigo decidir qual foto postar pois todas lindas ‚ú®,71,1,2022-02-09 17:35:04,True,https://www.instagram.com/p/CZw9pC1hg7s
"Vemos tantas fotos todos os dias agora pelas redes sociais e virou quase rotina tirar tantas fotos em nosso telefone que nunca mais vemos, se perdem no tempo junto com tantos outros arquivos... E √© por isso que h√° algo t√£o especial em imprimir uma imagem e segurar essa foto em suas m√£os!

√â como se os momentos ganhassem uma nova vida, e voc√™ percebe novos detalhes quando v√™ uma foto fora de seu formato digital. √â tamb√©m por isso que adoro viajar no tempo vendo minhas fotos de inf√¢ncia e at√© hoje eu revelo muitas fotos que tiro. Isso faz com que a gente pare e reserve um momento para realmente olhar para a foto que est√° compondo, al√©m de viajar no tempo e relembrar tantos momentos importantes.
Eu recomendo imprimir suas fotos favoritas se voc√™ tiver uma chance! Tenha suas mem√≥rias palp√°veis üíõ‚ú®

#eternizemomentos #revelesuasfotos",45,1,2022-01-27 20:11:59,False,https://www.instagram.com/p/CZPxj1PFh73
"A vida √© cheia de momentos fugazes. Momentos que planejamos, alguns que nos surpreendem... E tem alguns que desejamos que durassem para sempre! Estes s√£o os que guardamos e valorizamos, aqueles que eu nunca quero que voc√™ esque√ßa.
‚†Ä‚†Ä‚†Ä‚†Ä‚†Ä‚†Ä‚†Ä‚†Ä‚†Ä
Quando eu comecei na fotografia eu queria tirar fotos bonitas. Mas ao longo do caminho encontrei um profundo senso de conex√£o humana quando me permitiram esses momentos na vida das pessoas. H√° uma vulnerabilidade que eu vi acontecer e, para mim, n√£o h√° nada mais bonito do que poder entregar a algu√©m uma foto que n√£o √© apenas bonita, mas captura o que senti por eles.
O brilho de uma m√£e enquanto ela olha para a vida que ela est√° carregando e se pergunta: 
~ quem voc√™ vai ser minha pequena? ~

Meu cora√ß√£o se enche de alegria, t√¥ muito animada pra ver o rostinho dessa pequena e pra @agdabaia receber sua pequena Ol√≠via no mundo com todo amor ‚ú®",70,2,2022-01-19 18:18:24,False,https://www.instagram.com/p/CY6-M26lGdG
"Alguns momentos especiais logo ap√≥s o sim de Janne e Ricardo - por mais casamentos nesse lugar perfeito, por favor ‚ú®ü§è
.
.
.
Local: @recantodassucupiras 
Decora√ß√£o: @rosacerejadecor
Cerimonial: @samarasiqueira_ac",61,3,2022-01-17 18:28:22,False,https://www.instagram.com/p/CY11wJZFF5C
"Nos momentos mais sutis e nos sentimentos mais puros, um sorriso guardado para sempre! 
.
.
.
.
#weddingphotography #lapisdenoiva #noivasderecife #fotografiadecasamento #cozymoments",53,2,2022-01-15 20:05:52,False,https://www.instagram.com/p/CYw3UdqlvfI
"N√£o se trata do vestido, das flores, da comida, da decora√ß√£o ou da fotografia... Embora a beleza pela beleza valha a pena ser apreciada, apreciada e investida. √â sobre o simples ato de dizer ‚Äúeu escolho voc√™‚Äù. E uma vez que voc√™ fez essa escolha naquele dia e declarou publicamente sua inten√ß√£o de viver juntos, trata-se de fazer essa escolha repetidamente, enquanto o tecido de suas vidas se entrela√ßa e alguns fios se desfazem e alguns caem enquanto outros s√£o adicionados.
E quanto a mim, minha miss√£o √© ajudar voc√™ a lembrar como se sentiu naquele primeiro momento. A fotografia √© a guardi√£ da mem√≥ria üíï
.
.
.
#coupleshoot #casamentospernambuco #casamentosrecife #ensaiodecasal #carpina #intothewild #cozymoments",53,3,2022-01-15 14:16:24,False,https://www.instagram.com/p/CYwPU3nuGPG
"Quero que voc√™s fa√ßam um exerc√≠cio r√°pido ‚Äì eu chamo isso de exerc√≠cio do cora√ß√£o. Esse exerc√≠cio vai ajudar voc√™s a identificarem se voc√™s gostariam de um casamento tradicional, destination, elopement, intimista e afins...
Eu quero que voc√™ sente com seu parceiro e imagine como seria o dia do seu casamento de voc√™s, o dia perfeito!

Tudo o que voc√™ sente quando executa o exerc√≠cio do cora√ß√£o n√£o √© certo ou errado, mas o ajudar√° a solidificar sua posi√ß√£o e a tomar uma decis√£o sobre o que fazer em rela√ß√£o ao dia do seu casamento. Porque aqui vai uma coisa que eu acredito fielmente: eu pessoalmente acho que ir em frente e se casar √© s√°bio! N√£o acho que 2022 seja garantido como um ano para casamentos tradicionais ‚Äì vou escrever mais detalhadamente sobre o porqu√™ disso depois, em outro post - Mas, em √∫ltima an√°lise, o dia do seu casamento deve ser algo incrivelmente especial com o qual voc√™ possa ficar realmente empolgado, aproveitar e lembrar por toda a vida. E isso √© realmente importante. Voc√™ est√° investindo muito tempo e energia no seu dia, DEVE ser incr√≠vel e deve ser tudo o que voc√™ quer que seja.
.‚Å† 
.‚Å† 
.‚Å† 
.
#casamentosrecife #casamentospernambuco #fotografosdecasamento #ensaiodecasal",81,4,2022-01-14 19:49:56,False,https://www.instagram.com/p/CYuQs8FF0E8
"A linda Rayane üíõ
//

Cerimonial: @samarasiqueira_ac
Espa√ßo: @villaradnai
Make: @karolcoutostudio
Penteado: @walissonvieirahair
Buqu√™: @claudiobial
Vestido: @lucvestoficial",43,2,2022-01-13 17:39:36,False,https://www.instagram.com/p/CYrc_YgFqeu
"Da s√©rie: lugares lindos demais pra n√£o parar pra fazer umas fotos ‚ú®
Recife tem um lugar cativo no nosso cora√ß√£o, n√£o s√≥ pelos lugares hist√≥ricos, essa cidade √© pura poesia em cada esquina!

Com nosso casal lindo de sempre pra sempre @amflfo @andisu.n üíõ",75,2,2022-01-12 22:04:04,False,https://www.instagram.com/p/CYpWdoDF4ZW
"Citem crian√ßas mais lindas e falhem miseravelmente üòÇüòÇ
@thalitafreirebarreto 

#casamentospernambuco",93,2,2021-03-29 12:49:15,False,https://www.instagram.com/p/CNANPDnlS3Y
"Oi oi genteee, como voc√™s est√£o? Demos uma sumidinha daqui do insta nas √∫ltimas semanas, ficamos super em falta com voc√™s em rela√ß√£o a muitas coisas por alguns problemas pessoais, mas j√° estamos de volta e, no nosso tempo e com calma, vamos nos atualizando e atualizando voc√™s de tudo.

Queria reiniciar com essas fotos do casamento de @julietaffreire, pra mim s√£o nesses pequenos detalhes que encontramos cuidado, carinho e afeto. Amo demais! Cada registro de um casamento √© importante e uma mem√≥ria que eternizamos com todo amor do mundo pra voc√™s üíï",81,4,2021-03-17 19:32:37,False,https://www.instagram.com/p/CMiB24tlizk
"Hoje acordei saudosa e bateu uma vontade de rever as fotos desse dia üò≠
Que saudade gente, mal posso esperar toda essa agonia de pandemia passar pra gente fazer uma festa bem linda pra comemorar a uni√£o de voc√™s üíõ",80,4,2021-02-02 17:31:50,False,https://www.instagram.com/p/CKzF2qLlqG-
"E QUANDO A NOIVA SURPREENDE A TODOS E RESOLVE ENTRAR CANTANDO?
Eu n√£o chorei, voc√™s que choraram kkkkkk

Gente, j√° faz um tempinho que eu tava pra vir aqui falar desse dia, um dos casamentos mais lindos que j√° fui. Nessa pandemia, apesar dos pesares e de toda a dificuldade, acho que conseguimos ressignificar muitas coisas, deixar tudo mais √≠ntimo, conseguimos deixar s√≥ o que importa. Casamentos intimistas, como foi o de Rayane, com poucos convidados e muito amor, trazem a tona uma coisa que a muito eu sentia que estava perdida no mundo dos casamentos, onde tudo acabava se tornando um evento e era deixado de lado umas das coisas que mais importa no seu grande dia, que √© estar rodeada apenas de pessoas que voc√™ sabe que torcem por voc√™ üíõ

Cerimonial: @samarasiqueira369
Espa√ßo: @villaradnai 
Make: @karolcoutostudio 
Hair: @walissonvieirahair 
Decor: @claudiobial 
Som/Ilumina√ß√£o: @rmjsomiluminacao 
Vestido: @lucvestoficial",122,4,2021-01-28 15:22:19,False,https://www.instagram.com/p/CKl_DrZli5g
"Esteja perto da pessoas que te guiem pelos momentos mais felizes, tristes e imprevis√≠veis da vida.

Pessoas que celebram, dan√ßam, confortam e se preocupam mais com voc√™ do que voc√™ √†s vezes.

Pessoas que agarram sua m√£o pra te puxar ou colocam a m√£o na sua para dizer silenciosamente que eles est√£o l√°, n√£o importa o que aconte√ßa e que apenas estarem l√° √© o suficiente.

‚Ä¢ ‚Ä¢ ‚Ä¢",142,3,2021-01-19 14:09:18,False,https://www.instagram.com/p/CKOrjElllZS
"‚ÄúN√≥s nos encontramos neste mundo louco, bagun√ßado e bonito porque pertencemos um ao outro, pertencemos nos bra√ßos um do outro e estamos conectados por mais do que amor, por mais do que compromisso, por mais do que at√© mesmo o pr√≥prio destino, pela simples raz√£o que a sua presen√ßa √© a √∫nica coisa que eu realmente desejo pelo resto da minha vida .‚Äú",123,5,2021-01-15 18:44:30,False,https://www.instagram.com/p/CKE33GoF6cR
"Vou contar uma hist√≥ria pra voc√™s do dia do casamento de Adinha.
‚†Ä
Quando Ada tava finalizando a sua prepara√ß√£o, percebeu que faltava o v√©u. A entrega atrasou e a gente tava em cima da hora pra correr pra igreja.
Ela se preocupou, como qualquer noiva, claro, ela queria que tudo sa√≠sse perfeito no seu grande dia. ‚†Ä
E ligamos, e mandamos mensagem, e nada da mo√ßa chegar com o v√©u.
Era tr√¢nsito... 
Era atraso... 
E ainda tinha o tr√¢nsito pra chegar na igreja que era em outra cidade!
Dia de sexta-feira, acesso pra Recife √© daquele jeitinho... 
Tava tudo uma agonia, eu j√° tava quase infartando!
‚†Ä
Mas depois sabe o que ela disse? ‚†Ä
‚†Ä
""Vou me casar gente! N√£o importa o meu v√©u."" ‚†Ä
‚†Ä
Depois de aceitarmos que n√£o ia ter v√©u kkkkk nos 45 do segundo tempo chega a respons√°vel pelo atelier correeeendo quando a gente j√° tava saindo do apartamento, tudo nas pressas ela finalizou o v√©u e corremos pra igreja.
‚†Ä
Ent√£o, Ada usou o v√©u de √∫ltima hora em seu casamento. ‚†Ä
‚†Ä
E voc√™ sabe o que... No fim, realmente n√£o importou o v√©u?
Ela se casou com uma pessoa incr√≠vel cercada por pessoas que ela amava. Foi uma cerim√¥nia linda.
‚†Ä
E agora, o v√©u, √© apenas parte da hist√≥ria de quando Ada e Josenildo se casaram e foi incr√≠vel! As vezes a gente se preocupa demais com os detalhes, n√£o que n√£o sejam importantes, porque muitas vezes √© nos detalhes que a gente enxerga a beleza de tudo. Mas no fim, a √∫nica coisa que importa no dia do seu casamento √© uni√£o, companheirismo e estar sempre com quem a gente ama, compartilhando desse momento √∫nico e lindo das nossas vidas üíõ",77,2,2021-01-13 19:50:59,False,https://www.instagram.com/p/CJ_14UFFcxc
"‚ÄúVoc√™ sabe que est√° apaixonado quando n√£o consegue dormir porque a realidade finalmente √© melhor do que seus sonhos.‚Äù 
‚Äì Dr. Seuss
Ôæ†
No mais sutil dos momentos e no mais puro dos sentimentos, um momento salvo para sempre! Uma das coisas que nos mant√©m firmes √© a criatividade e a magia que sentimos cada vez que seguramos uma c√¢mera - impag√°vel. O que tem inspirado voc√™? ‚†Ä‚†Ä 
Ôæ†
Vestido: @lucvestoficial 
Espa√ßo: @villaradnai 
Buqu√™: @claudiobial",128,3,2021-01-12 21:37:07,False,https://www.instagram.com/p/CJ9dO01px7y
"A noivinha mais especial da minha vida üíõ 
Tive que passar o dia anterior desse casamento todinho chorando porque eu simplesmente n√£o ia aguentar de emo√ß√£o na hora. Te ver casar foi uma honra pra mim, poder eternizar esse momento √∫nico na sua vida foi mais que especial. Bom, √© sempre especial ter a oportunidade de registrar o amor entre casais, mas com voc√™s foi emo√ß√£o al√©m da conta! J√° t√¥ ansiosa pelos mini Nildinhos e Adinhas que vem por a√≠ üò≠",75,2,2021-01-12 18:16:31,False,https://www.instagram.com/p/CJ9GRlbJKZ-
"Hoje tivemos entrega de um √°lbum lindo que chegou por aqui üíõ
„Ö§
E por falar em √°lbuns onde voc√™ guarda suas mem√≥rias mais queridas? Voc√™ deixa tudo no seu telefone ou num pendrive? Quantas vezes voc√™ perdeu imagens importantes, justamente porque deixou tudo no digital e n√£o revelou?
„Ö§
As hist√≥rias ganham vida quando voc√™ adiciona textura, uma pitada de emo√ß√µes, o que voc√™ experimentou, pensou, tocou, cheirou e viu. E quando voc√™ coloca tudo isso em ordem para que a verdade apare√ßa.
Quem n√£o gosta de tirar fotos de inf√¢ncia e folhear por horas lembrando de tantas mem√≥rias t√£o cheias de carinho? Tenha uma casa para suas mem√≥rias!",54,1,2021-01-11 18:05:02,False,https://www.instagram.com/p/CJ6gKpYll_V
"Bom dia gente! Boa segundona, bom in√≠cio de semana pra n√≥s.

Abrindo os posts da semana com esse mini editorial peeeeerfeito feito pra Marillya. 
Me diz se n√£o √© a coisa mais linda? Me deu gatilho kkkkk t√¥ ansiosa demais pra fotografar v√°rias noivinhas esse ano üò≠",161,3,2021-01-11 14:20:21,False,https://www.instagram.com/p/CJ6Gc-KlYIr
"Voc√™ est√° pronto para come√ßar 2021 melhor do que nunca? üéâ
O que voc√™ quer eternizar esse ano?
Esse ano damos o start com tudo pra entregar uma experi√™ncia INCR√çVEL pra voc√™s. Vamo ou bora? Vamo simbora!!!",114,1,2021-01-08 19:55:53,False,https://www.instagram.com/p/CJy-d5TlT98
"A perfei√ß√£o desse bolo, s√≥ porque eu sei que voc√™s amam demais esses detalhes ü•∞
Bolo por @doceseduardaaraujo",73,3,2020-12-28 21:27:05,False,https://www.instagram.com/p/CJW0KLAlE5d
"Sharon & Airam üíï

E depois de um merecido recesso estamos de volta a ativa por aqui. Nesses dias de folga aproveitei pra refletir sobre 2020, um ano com certeza em que muita coisa foi ressignificada nas nossas vidas, e uma delas com certeza foi a nossa fotografia.
Pra quem t√° aqui j√° a um tempinho, lembra da gente como @marcosmacedofotografia üó£Ô∏è uma fase que vamos guardar pra sempre em nossos cora√ß√µes, porque sem ela nunca ia existir a Vanguart. Nunca estar√≠amos aqui, encontrando o nosso prop√≥sito na fotografia, se n√£o tiv√©ssemos passado por tanta coisa antes. E a tudo sou grata a Deus, pelos desafios, pelas dificuldades, pelo tempo. Que em 2021 a gente alcan√ße muitos cora√ß√µes por a√≠ üíõ",195,3,2020-12-28 18:34:01,False,https://www.instagram.com/p/CJWgWogF8JJ
"‚ÄúSe voc√™ ama algo, ame-o completamente!
Aprecie-o, diga-o, mas o mais importante, mostre-o.
A vida √© finita e fr√°gil e, s√≥ porque algo est√° l√° um dia, n√£o significa que vai estar no dia seguinte. Nunca tome isso como certo.
Diga o que voc√™ precisa dizer, depois diga um pouco mais. Diga muito. Mostre muito. Amo demais.
Tudo √© tempor√°rio, exceto amor. O amor sobrevive a todos n√≥s. ‚Äù - R. Queen",114,2,2020-12-08 23:50:06,False,https://www.instagram.com/p/CIjkoMPl9Wv
"ACONCHEGO

/√™/

substantivo masculino

1. ato ou efeito de aconchegar.

2. acolhimento, amparo f√≠sico junto a algu√©m ou algo; abra√ßo.

Abra√ßo √© entrela√ßo de alma, um convite pro aconchego, √© encontrar paz e calmaria nos bra√ßos de quem se ama üíõ",124,1,2020-12-08 18:57:55,False,https://www.instagram.com/p/CIjDMNklh9J
"A palavra do momento: autenticidade.
Seu ensaio deve ser sobre isso. Nos nossos ensaios, damos total prioridade a isso!
Sobre ser quem voc√™ √©, em algum lugar que voc√™ ame, vestido da maneira que voc√™ mais gosta e confort√°vel üíõ sem personagens, sem fingimentos.
Tudo documentado e eternizado da maneira mais linda de todas: sendo quem voc√™ realmente √©, junto de quem voc√™ mais ama!",109,4,2020-12-07 20:42:09,False,https://www.instagram.com/p/CIgqUvvlnZZ
"Nao existe nada melhor do que a gente se encontrar nos bra√ßos de quem a gente ama üíõ as vezes um simples gesto, um olhar, um simples toque, gera uma conex√£o incr√≠vel entre o casal. Quem a√≠ j√° se sentiu assim? Seguro, apenas por estar com quem se ama?",89,2,2020-12-05 13:06:48,False,https://www.instagram.com/p/CIasn4SlHmq
"Quando voc√™ literalmente d√° um passo para tr√°s e deixa duas pessoas apaixonadas apenas serem eles mesmos. Capturando todos os momentos simples e aut√™nticos, desse casal que √© lindo demais n√© gente, fala s√©rio ü§£",131,3,2020-12-01 23:09:31,False,https://www.instagram.com/p/CIRea2Vl7nz
"Aquela sequ√™ncia de tirar o f√¥lego!! S√£o tantas fotos lindas desse casamento, foi um dia realmente feito especialmente pra esse casal, em cada detalhe.

Isso me lembra que, estive refletindo esses dias que passamos em off sobre o nosso real prop√≥sito dentro da fotografia e na vida de tantas pessoas que nos permitem eternizar momentos t√£o √∫nicos de suas vidas. √â uma grande responsabilidade, e devemos amar as pessoas onde elas est√£o e servi-las como nenhum outro. Costumava ser t√£o dif√≠cil para mim tirar fotos de pessoas que eu n√£o achava que fossem meu tipo de estilo, ou que atrairiam meu cliente ideal, etc., mas voc√™ sabe o que eu aprendi ao longo desses anos na fotografia? Que isso n√£o importa.
N√≥s somos chamados a amar e servir aos outros e pode ser dif√≠cil, cansativo e inquietante, mas √© isso que nos torna diferentes. √â essa a nossa singularidade, o nosso olhar diante de tanto amor que nos √© apresentado durante os casamentos e ensaios.

Amamos olhar al√©m da apar√™ncia das pessoas e realmente mergulhar fundo em conhecer os nossos casais e seu relacionamento, sua hist√≥ria, para que possamos servi-los melhor, afinal, s√£o mem√≥rias que ficar√£o eternizadas atrav√©s de n√≥s, pra todo sempre. √â uma grande mudan√ßa, mas que pra n√≥s fez todo sentido üíõ",157,3,2020-11-30 18:29:48,False,https://www.instagram.com/p/CIOZnL-lTqn
"""O amor n√£o vai te salvar, mas ele vai segurar sua m√£o enquanto voc√™ se salva. E em um mundo que √†s vezes parece desprovido de bondade, em um mundo que √†s vezes parece muito pesado para suportar, acho que √© tudo o que realmente estamos procurando. Algu√©m ao nosso lado. Algu√©m que nos fundamenta. Algu√©m que vai nos abra√ßar silenciosamente por vinte minutos seguidos enquanto descobrimos tudo. Acho que √© tudo o que algu√©m realmente precisa. Algu√©m que os v√™. Algu√©m que fica.""
- Bianca Sparacino

Bom comecinho de semana pra n√≥s, com esse texto incr√≠vel e fotos lindas pra inspirar voc√™s üíï",111,2,2020-11-30 13:55:22,False,https://www.instagram.com/p/CIN6NRoFyA4
"A vida √© curta demais, n√£o deixe pra depois, sinta algo profundamente! A vida √© muito curta para negar ao seu cora√ß√£o o prazer de se apaixonar por algu√©m e dar a ele sua alma. A vida √© muito curta para fingir que voc√™ encontrar√° o amor onde √© confort√°vel e f√°cil, porque na realidade, o amor nunca ser√° f√°cil. E essa √© a parte mais bonita.

A vida √© muito curta para n√£o perseguir pessoas que te assustam, porque essas pessoas s√£o as que v√£o mudar sua vida. E todos n√≥s estamos procurando por esse amor que mudar√° nossas vidas inteiras.
Ele est√° l√°, esperando por voc√™... V√° busc√°-lo!",228,4,2020-11-23 22:21:31,False,https://www.instagram.com/p/CH8ykNUFaGJ
"Voc√™ j√° se sentiu preso? Porque eu sei que j√° me senti assim. Talvez voc√™ se sinta assim quando n√£o sabe o que vem a seguir, onde est√° seu cora√ß√£o, qual √© a sua paix√£o...

- espere, deixe-me explicar!
Todos n√≥s j√° passamos por isso, por essa sensa√ß√£o de n√£o saber o que vem a seguir ou para onde vamos em nosso neg√≥cio. Nosso trabalho como fot√≥grafos n√£o √© um ""trabalho"" comum, na verdade, n√£o o consideraria um ""trabalho"", mas um sonho que nunca pensei que estaria realizando. Ouvir hist√≥rias de amor √∫nicas, ver duas pessoas se casarem, investindo em sua hist√≥ria, em suas vidas, em sua fam√≠lia.
E quem diria que isso √© o que eu adoraria fazer?

Isso √†s vezes fica confuso? Sim. Eu derramei algumas l√°grimas em um casamento ou fiquei sobrecarregada com a edi√ß√£o? sim Sim SIM. Mas no final tudo vale a pena.

Eu nunca, em um milh√£o de anos, teria sonhado com esse tipo de situa√ß√£o, em fazer parte da vida desses casais. Me sinto extremamente honrada!

O que me resta dizer √© puro clich√™, mas √© a pura verdade... Encontre a sua paix√£o, o que voc√™ adora fazer, e isso nunca vai parecer um ‚Äútrabalho‚Äù para voc√™ üíõ",71,1,2020-11-18 15:32:08,False,https://www.instagram.com/p/CHvLvhllxYB
"Nosso primeiro reels no aaaarrrr!!!
Com um pouco desse ensaio lindo, desses noivos lindos e desse lugar lindo demais! üíõ",139,1,2020-11-17 20:23:46,True,https://www.instagram.com/p/CHtIRyOhdDc
"O melhor amor √© o inesperado.
Voc√™ n√£o escolhe algu√©m e cruza os dedos, e torce que vai dar certo... Voc√™ o encontra pelo destino e √© uma conex√£o instant√¢nea, a qu√≠mica entre voc√™s est√° muito acima da sua cabe√ßa.
Voc√™ apenas fala, e percebe a forma como seus l√°bios se curvam quando o outro sorri, ou quando voc√™ para apenas pra admirar a cor de seus olhos, e de repente, voc√™ sabe que tem sorte!",165,2,2020-11-13 21:03:23,False,https://www.instagram.com/p/CHi5rMqlcMh
"Algu√©m que te melhora. Algu√©m que inspira e encoraja voc√™ no amor e na vida, que o empurra em dire√ß√£o a sonhos e objetivos que voc√™ ignoraria, que abnegadamente sacrifica seu tempo para ajud√°-lo a se tornar um ser humano mais corajoso, completo e feliz.
Isso, √© sagrado!",113,1,2020-11-12 20:42:47,False,https://www.instagram.com/p/CHgShixFFfn
"Gente, tem coisa mais linda que esses dois? Tem n√£o viu!
Um spoilerzinho de ontem, porque eu n√£o t√¥ me aguentando de ansiedade pra entregar esse ensaio e mostrar tudo kkkkkkk
Estamos extremamente felizes por Marillya e Maurilio, fotografamos eles como namorados, agora noivos, e se Deus quiser estaremos presentes nesse casamento que vai ser lindo demais üíõ",173,1,2020-11-12 15:21:07,False,https://www.instagram.com/p/CHfttiKlNmX
"Mas por que revelar fotos afinal? Pra que ter um √°lbum? Para que serve? O que isso significa para voc√™? Num mundo t√£o digital, onde tudo √© t√£o pratico e ao alcan√ße da m√£o, n√£o podemos deixar que a fotografia revelada perca o seu encanto.

Para mim, fotografia √© registrar mem√≥rias, momentos e singularidades.
Documentar dias importantes, mas tamb√©m pequenos gestos, momentos juntos... Sentimentos. Detalhes que as vezes s√£o esquecidos. Detalhes aos quais n√£o prestamos aten√ß√£o e ent√£o acabam sendo importantes e bonitos. A mem√≥ria √© passageira e o tempo passa.

A vida acontece, as coisas mudam, as pessoas v√£o... As fotos ficam para sempre!

Ter isso fisicamente √© voltar, voltar a um punhado de mem√≥rias, um punhado de sorrisos, ternura e divers√£o, eternizados em fotos... Quem n√£o gostaria de passar uma noite recordando e voltando a belos momentos?
Quem n√£o gosta de pegar o seu √°lbum de inf√¢ncia, e passar horas vendo e revendo aqueles momentos?
Tenha uma casa para suas mem√≥rias! üíõ",84,3,2020-11-06 14:07:12,False,https://www.instagram.com/p/CHQIe8oFXKM
"Apaixone-se pelo seu melhor amigo. Com a pessoa que mais te faz rir. Com a pessoa que te faz sorrir mesmo quando voc√™ n√£o quer. Com a pessoa que torna os dias comuns, extraordin√°rios!
Apaixone-se pela pessoa que viu voc√™ no seu pior momento. Com a pessoa que entende sua m√°goa e quer cur√°-la. Com a pessoa ora por voc√™, e pede a Deus que te acompanhe no caminho.
Apaixone-se pela pessoa que te inspira a dar o melhor de si. Quem te incentiva a perseguir seus sonhos. Que acredita de todo o cora√ß√£o que voc√™ pode fazer qualquer coisa que voc√™ definir em sua mente. Que torce por voc√™ mesmo quando todos os outros o abandonam.
Apaixone-se por algu√©m que te entende. Que pode ler sua express√£o como se voc√™ fosse um livro aberto. Que conhece suas esperan√ßas, seus medos, seus sonhos, e nunca te julga por eles. Que te entende melhor do que voc√™ mesmo, e te ama do mesmo jeito.

Apaixone-se pelo seu melhor amigo, porque ningu√©m vai te amar, como quem j√° sabe üíõ",380,5,2020-10-26 22:22:30,False,https://www.instagram.com/p/CG0sa-gFMQW
"‚ÄúVoc√™ n√£o escolhe por quem se apaixona, escolhe? E uma vez que voc√™ se apaixona - aquele tipo de amor obsessivo, aquele amor que tudo consome, onde duas pessoas n√£o suportam ficar separadas uma da outra nem por um momento - como voc√™ pode deixar um amor como esse passar por voc√™ ?‚Äù
üíõ",96,1,2020-10-21 17:09:58,False,https://www.instagram.com/p/CGnQrkVFmvj
"O amor √© mais do que apenas encontros, m√£os dadas e beijos. √â sobre aceitar as estranhezas e as falhas uns dos outros. √â sobre ser voc√™ mesmo e encontrar a felicidade juntos. √â sobre ver uma pessoa imperfeita perfeitamente. √â poder ter o riso solto e a alma leve junto de quem a gente escolheu pra dividir a vida üíõ",179,2,2020-10-16 18:12:17,False,https://www.instagram.com/p/CGaf1lQlUHA
"Quem a√≠ ama detalhes? N√≥s somos apaixonados por cada pedacinho dos casamentos que documentamos üíõ

A alian√ßa √© a representa√ß√£o da uni√£o, um compromisso que o casal assume diante dos homens e de Deus de cumprir com os votos, eternamente üíç",89,1,2020-10-15 14:08:29,False,https://www.instagram.com/p/CGXfJDDFLXG
"De tudo ao meu amor serei atento
Antes, e com tal zelo, e sempre, e tanto
Que mesmo em face do maior encanto
Dele se encante mais meu pensamento

#ensaiodecasal #ensaionocampo #preweddingshoot",96,2,2020-09-24 21:18:32,False,https://www.instagram.com/p/CFiLqfUlKK-
"Todo amor existe no ar, √© multicolor, √© primordial
N√£o d√° pra impor, nem pra controlar, nenhum extintor vai apagar ou rebelar üíõ

#ensaiodecasal #ensaionocampo #casadecampo",94,1,2020-09-24 16:15:17,False,https://www.instagram.com/p/CFho9WYlkT0
Eu s√≥ quero o leve da vida pra te levar üçÉ,76,1,2020-09-23 23:45:32,False,https://www.instagram.com/p/CFf3sQ_ljCy
"D√©bora e Neto, o casal que a gente acompanha desde o comecinho, que a gente fotografou como namorados, como noivos e, se Deus quiser e daqui a pouquinho, vamos estar registrando todo esse amor e carinho no dia do casamento üíõ
Mais ansiosos do que a gente, s√≥ eles mesmo!

#ensaiodecasal #ensaiodecasalrecife #fotografosdecasamento #preweddingrecife #preweddingshoot #casamentosrecife",112,1,2020-09-23 21:26:33,False,https://www.instagram.com/p/CFfnyUDlkzk
"Tem casal a√≠ ansioso pela entrega de fotos? Ser√° que amanh√£ eu j√° posto mais detalhes desse dia nos stories? Kkkkkkk fica a d√∫vida no ar...

#ensaiodecasal #ensaiodecasalrecife #preweddingrecife #casamentosimples #casamentosimples #fotografosdecasamento",119,1,2020-09-22 21:38:36,False,https://www.instagram.com/p/CFdEXsblDNN
"Dia de relembrar com carinho esse ensaio que foi t√£o importante pra n√≥s!
Foi bem aqui, nesse ensaio de Maur√≠lio e Marillya que decidimos mudar, quer√≠amos transmitir mais sentimentos como esse, transmitir toda a verdade e sentimento atrav√©s da Fotografia. Claro que o casal ajuda, e que casal n√© amigos? ü•∞ 

#ensaiolifestyle #ensaiodecasal #ensaiodecasalrecife #preweddingrecife #casamentosrecife #fotografosdecasamento #amoremfoto",94,1,2020-09-20 15:36:06,False,https://www.instagram.com/p/CFXRS7BFx8n
"Esse casal que √© vip demais nos nossos cora√ß√µes! Gente eu amo demais, n√£o d√° pra negar kkkkk s√£o muito fofos!
Essa semana foi bastante corrida pra gente, mas eu n√£o podia deixar de postar mais uma desse ensaio que foi t√£o especial. Essa semana vou postar na √≠ntegra nos stories e deixar salvo nos destaques pra voc√™s conferirem üçÉ

#ensaiodecasal #ensaiodecasalrecife #preweddingrecife #casamentorustico #casamentosrecife #casamentosimples #casadecampo #fotografosdecasamento #ensaiolifestyle",117,1,2020-09-19 20:20:38,False,https://www.instagram.com/p/CFVND8WlEYm
"Werislany + Mauri üíï
Na praia, no sol, no mar, ou num navio a navegar... Aaaahhh que saudade dos nossos casamentos! Enquanto isso a gente vai matando as saudades com os registros desse dia.

#preweddingrecife #casamentosrecife #casamentosimples #casamentorustico #weddingday",159,2,2020-09-18 21:08:05,False,https://www.instagram.com/p/CFStsqPFKHC
"Bruno + Dayanne
Um casal de olhar puro e sorriso f√°cil, palavras leves e um cora√ß√£o gigante! √â lindo saber que mesmo por tr√°s de sorrisos t√≠midos, sabemos que uma hist√≥ria de verdade est√° sendo contada.üåø

#ensaiodecasalrecife
#preweddingrecife #casamentosrecife #fotografosdecasamento #amoremfoto",151,1,2020-09-18 14:02:06,False,https://www.instagram.com/p/CFR88oFlOo3
"√â sempre muito dif√≠cil escolher a primeira foto do ensaio pra postar. Nesse dia chegamos em casa muito felizes com tudo o que produzimos durante essa tarde cheia de amor e sentimento, e tivemos a certeza de que conseguimos expressar toda a verdade que eles sentem um pelo outro atrav√©s das nossas fotos.
Escolhemos esse registro porque representa tudo aquilo que Bia e Iago s√£o: um casal leve, divertido, espont√¢neo e que acima de tudo, est√£o sempre felizes e realizados na companhia um do outro üíï

#ensaiodecasalrecife #preweddingrecife #casamentosrecife #fotografosdecasamento #amoremfoto",162,1,2020-09-17 19:44:07,False,https://www.instagram.com/p/CFP_SvCF_sI
"Aquele olhar que contagia üíï amamos quando um casal √© t√£o conectado que nem precisa de legenda, a foto j√° diz tudo!
Espero que voc√™s sintam todo carinho e amor que transbordam atrav√©s desse registro.

#preweddingrecife #casamentosrecife #jardimdobaob√° #fotografosdecasamento #ensaiodecasalrecife",129,1,2020-09-17 15:21:22,False,https://www.instagram.com/p/CFPhOTIF4fY
"Essas fotos com a @fireehair renderam tanto que voc√™s v√£o enjoar de ver o rosto dela por aqui kkkkkk pense num ensaio TOP!
E, claro, vou deixar tudo salvo nos destaques porque foi tanta da foto que nem vai dar pra postar tudo aqui kkkk
.
.
.
.
.
.
.
.
.
.
.
.
.
#portraitphotography #portraitmobs #portrait #retrato #fotografosdepernambuco #fotografosderecife #brands #plants #fotografiaderetrato #pernambucotem #portraitsfromtheworld #olhardevidroph #omelhorclick #timbauba #recife #ensaioexterno #ensaiofotogr√°fico #retratista #afrohair #agameoftones #limoeiro #carpina #marcosmacedofotografia #nazaredamata",1056,1,2020-02-07 22:16:53,False,https://www.instagram.com/p/B8SDghhFG_J
"Voc√™s votaram e eu atendi kkkkk quero todo mundo curtindo esse post uma hora dessas viu!
E que casaaaal viu meu povo, s√≥ alegria nesse ensaio de hoje! .
.
.
.
.
.
.
.
#ensaioexterno #ensaiodecasal #ensaiofotogr√°fico #portraitphotography #casal #couplephotoshoot #carpina #recife #marcosmacedofotografia #nazaredamata #style #afrohair #casaltumblr #couplegoalsüíë #agameoftones #fotografosdepernambuco #limoeiro #fotografosderecife",308,2,2020-02-06 23:16:17,False,https://www.instagram.com/p/B8PlgsJlQTV
"Inspira√ß√£o #marcosmacedofotografia pras noivinhas de plant√£o! Mais um click desse making off lindo da Caroline üíï

Bouquet: @florvivafloricultura

#couplephotoshoot #couplegoalsüíë #ensaioexterno #ensaiodecasal #ensaiofotogr√°fico #euamopernambuco #portraitmobs #limoeiro #fotografosdepernambuco #fotografosderecife #casal #carpina #agameoftones #potedetalentos #paudalho #portraitsfromtheworld #portraitphotography #portrait #pernambucotem #olhardevidroph #omelhorclick #casaltumblr #noivasdepernambuco #timbauba #aliancape #nazaredamata",297,1,2020-01-30 23:29:29,False,https://www.instagram.com/p/B79ldXEFTae
"O primeiro de muitos casamentos que teremos a honra de registrar em 2020 üíï

Loca√ß√£o: @unohotel 
Makeup & Hair: @dudasilvamakeuphair 
Bouquet: @florvivafloricultura
Vestido: @vistabemoficial .
.
.
.
.
.
.
.
.
#noivasdepernambuco #cerimonialistas #casamentope #casamentospernambuco #weddingphotography #wedding #clean #fotografosdepernambuco #fotografosdecasamento #fotografosderecife #noivas #ensaiofotogr√°fico #prewedding #casamentodiurno #recife #timbauba #paudalho #euamopernambuco #ensaiodenoivos #portraitsfromtheworld #limoeiro #carpina #agameoftones #olhardevidroph #ensaiointerno",450,1,2020-01-29 21:57:24,False,https://www.instagram.com/p/B762IBXlByR
"Se relembrar √© viver, nunca √© tarde pra gente reviver esses momentos lindos com esse casal, ne?
Berlly e Cleberson, que de longe foi o casal mais risonho que a gente j√° registrou kkkkk .
.
.
.
.
.
.
.
.
.
.
.
.
.
#couplephotoshoot #couplegoalsüíë #ensaioexterno #ensaiodecasal #ensaiofotogr√°fico #euamopernambuco #portraitmobs #limoeiro #fotografosdepernambuco #fotografosderecife #casal #carpina #agameoftones #potedetalentos #paudalho #portraitsfromtheworld #portraitphotography #portrait #pernambucotem #olhardevidroph #omelhorclick #casaltumblr #noivasdepernambuco #timbauba #aliancape #nazaredamata",108,2,2020-01-27 22:23:28,False,https://www.instagram.com/p/B71vhJJBMkc
"Details üíô
.
.
.
.
.
.
.
.
.
.
.
.
#couplephotoshoot #couplegoalsüíë #ensaioexterno #ensaiodecasal #ensaiofotogr√°fico #euamopernambuco #portraitmobs #limoeiro #fotografosdepernambuco #fotografosderecife #casal #carpina #agameoftones #potedetalentos #paudalho #portraitsfromtheworld #portraitphotography #portrait #pernambucotem #olhardevidroph #omelhorclick #casaltumblr #nazaredamata #noivasdepernambuco #casamentope #fotografosdecasamento",102,1,2020-01-26 22:28:34,False,https://www.instagram.com/p/B7zLTpyFAL3
"Love is in the air e esse ano √© dos casais viu! Um registro dessa uni√£o linda de Larissa e Vital
.
.
.
.
.
.
.
.
.
.
.
.
#couplephotoshoot #couplegoalsüíë #ensaioexterno #ensaiodecasal #ensaiofotogr√°fico #euamopernambuco #portraitmobs #limoeiro #fotografosdepernambuco #fotografosderecife #casal #carpina #agameoftones #potedetalentos #paudalho #portraitsfromtheworld #portraitphotography #portrait #pernambucotem #olhardevidroph #omelhorclick #casaltumblr #nazaredamata #noivasdepernambuco #casamentope #fotografosdecasamento",212,1,2020-01-25 21:32:17,False,https://www.instagram.com/p/B7wgEk-lNJy
"""S√≥ sei dan√ßar com voc√™, isso √© o que o amor faz""
Um bom dia pra voc√™s com esse encerramento üíô
Vou deixar salvo nos destaques mais fotos desse pre wedding lindo
.
.
.
.
.
.
.
.
.
.
.
.
#couplephotoshoot #couplegoalsüíë #ensaioexterno #ensaiodecasal #ensaiofotogr√°fico #euamopernambuco #portraitmobs #limoeiro #fotografosdepernambuco #fotografosderecife #casal #carpina #agameoftones #potedetalentos #paudalho #portraitsfromtheworld #portraitphotography #portrait #pernambucotem #olhardevidroph #omelhorclick #casaltumblr #nazaredamata #noivasdepernambuco #casamentope #fotografosdecasamento",108,1,2020-01-22 12:54:34,False,https://www.instagram.com/p/B7n2b_glQkA
"Caroline + Juarez
Ta chegando o dia do ""sim"" mais aguardado de 2020 üíô
.
.
.
.
.
.
.
.
.
.
.
#couplephotoshoot #couplegoalsüíë #ensaioexterno #ensaiodecasal #ensaiofotogr√°fico #euamopernambuco #portraitmobs #limoeiro #fotografosdepernambuco #fotografosderecife #casal #carpina #agameoftones #potedetalentos #paudalho #portraitsfromtheworld #portraitphotography #portrait #pernambucotem #olhardevidroph #omelhorclick #casaltumblr #nazaredamata #noivasdepernambuco #casamentope #fotografosdecasamento",221,1,2020-01-21 22:50:52,False,https://www.instagram.com/p/B7mV4ocFxNi
"E o dia desse casal lindo, que conquistou um espa√ßo enorme nos nossos cora√ß√µes, ta chegando!
Estamos super ansiosos pra registrar pra sempre cada momento de voc√™s dois nesse dia tao especial üì∑
.
.
.
.
.
.
.
.
.
.
.
.
.
#wedding #casamentospernambuco #casamentope #fotografosdecasamento #weddingphotography #prewedding #couplephotoshoot #couplegoalsüíë #ensaioexterno #ensaiodecasal #ensaiofotogr√°fico #euamopernambuco #portraitmobs #limoeiro #fotografosdepernambuco #fotografosderecife #casal #carpina #agameoftones #potedetalentos #paudalho #portraitsfromtheworld #portraitphotography #portrait #pernambucotem #olhardevidroph #omelhorclick #casaltumblr #noivasdepernambuco #timbauba",217,1,2020-01-17 17:12:09,False,https://www.instagram.com/p/B7bb8ObFQKe
"t h e  e n d üíô

Pra acompanhar mais fotos desse noivado lindo, √© s√≥ procurar nos destaques!
.
.
.
.
.
.
.
.
.
.
.
.
#couplephotoshoot #couplegoalsüíë #ensaioexterno #ensaiodecasal #ensaiofotogr√°fico #euamopernambuco #portraitmobs #limoeiro #fotografosdepernambuco #fotografosderecife #casal #carpina #agameoftones #potedetalentos #paudalho #portraitsfromtheworld #portraitphotography #portrait #pernambucotem #olhardevidroph #omelhorclick #casaltumblr #noivasdepernambuco #timbauba #aliancape #nazaredamata",327,1,2020-01-15 19:22:07,False,https://www.instagram.com/p/B7WhOaIFGvY
"Karolina + Anderson üíï
.
.
.
.
.
.
.
.
.
.
.
.
#couplephotoshoot #couplegoalsüíë #ensaioexterno #ensaiodecasal #ensaiofotogr√°fico #euamopernambuco #portraitmobs #limoeiro #fotografosdepernambuco #fotografosderecife #casal #carpina #agameoftones #potedetalentos #paudalho #portraitsfromtheworld #portraitphotography #portrait #pernambucotem #olhardevidroph #omelhorclick #casaltumblr #noivasdepernambuco #timbauba #aliancape #nazaredamata",202,1,2020-01-14 21:36:30,False,https://www.instagram.com/p/B7ULzwUFcAP
"Um bom come√ßo de semana pra voc√™s com essa foto linda e cheia de amor! üíô
.
.
.
.
.
.
.
.
.
.
.
#couplephotoshoot #couplegoalsüíë #ensaioexterno #ensaiodecasal #ensaiofotogr√°fico #euamopernambuco #portraitmobs #limoeiro #fotografosdepernambuco #fotografosderecife #casal #carpina #agameoftones #potedetalentos #paudalho #portraitsfromtheworld #portraitphotography #portrait #pernambucotem #olhardevidroph #omelhorclick #casaltumblr #noivasdepernambuco #timbauba #aliancape #nazaredamata",232,1,2020-01-13 22:26:41,False,https://www.instagram.com/p/B7RswdKh0yn
"E do nada, no meio do ensaio, um pedido de casamento! Esse povo ainda mata a gente do cora√ß√£o üòÇüòÇ
Uma das coisas pelas quais eu mais sou grato na minha profiss√£o √© poder fazer parte de momentos √∫nicos e inesquec√≠veis na vida das pessoas.
Muito obrigado a @deborajoselma e a @emanoel_santos44 por terem nos escolhido pra estar presente num momento t√£o √∫nico da vida de voc√™s.
Foi m√°gico! Emocionante. Sou grato.
E vamo simbora que domingo tem noivado desse casal massa que j√° ganhou lugar cativo nos nossos cora√ß√µes.
.
.
.
.
.
.
.
.
.
#couplephotoshoot #couplegoalsüíë #ensaioexterno #ensaiodecasal #ensaiofotogr√°fico #euamopernambuco #portraitmobs #limoeiro #fotografosdepernambuco #fotografosderecife #casal #carpina #agameoftones #potedetalentos #paudalho #portraitsfromtheworld #portraitphotography #portrait #pernambucotem #olhardevidroph #omelhorclick #casaltumblr #noivasdepernambuco #timbauba #aliancape #nazaredamata",417,3,2019-09-27 23:26:05,False,https://www.instagram.com/p/B27ttCYFbF0
"Trabalho feito junto com as meninas da @admake.hair 
Elas tem um trabalho maravilhoso com maquiagens e penteados, recomendamos as nossas clientes de olhos fechados!
Modelo: @hozanaestevao üëë .
.
.
.
.
.
#noivaspernambuco #fotografosdepernambuco #ensaiofeminino #makes #sutileza #carpina #paudalho #omelhorclick",611,1,2018-11-03 23:15:05,False,https://www.instagram.com/p/BpvHtgfFjn1
"E finalmente tivemos o ensaio da ganhadora do sorteio do ensaio de casal!
@istelinhaa e @evertoncorreiaa1, foi lindo presenciar a entrega e o amor de voc√™s as pequenas coisas. Que amores assim como o de voc√™s possam contagiar cada vez mais o mundo!

#couple #photography #love #fotografia #canon #intimatephotography #photooftheday #instagood #ensaiodecasal #sorteio",103,1,2017-12-04 20:35:39,False,https://www.instagram.com/p/BcSz9g8Ax9X
"Enfim casados!
Que a felicidade a dois continue sendo o objetivo principal de suas vidas. Que a caminhada seja longa, repleta de amor e compreens√£o. Sinceros votos de felicidades.

#wedding #casamento #church #igreja #vsco #instagram #pernambuco #canon #instamood #weddingphoto #noivos #vscocam #canon #smile #love #couple #rice #ceremony #instamood #instacool #instalove #photography #photooftheday #fotografia",122,1,2017-03-13 21:00:13,False,https://www.instagram.com/p/BRl7Up-g3Je
